INSERT INTO Customers(CustomersID, FirstName, LastName, Email, Phone, Address, City, State, Zip, Country)
values (1, 'John', 'Doe', 'john.doe@example.com', '1234567890',        '123 Main St',
'Anytown',        'CA', '12345','USA'),
(2,        'Jane',        'Glory', 'jane.smith@example.com', '4567890123',
'456_Elm_St','Smallville', 'NY', '45678','USA'),
(3,'Alice',        'Blessing',        'alice.johnson@example.com',        '7890123456',
'789 Oak St', 'Bigtown', 'TX','78901',        'USA'),
(4, 'Bob', 'Bron', 'bob.brown@example.com', '0123456789',
'12_Pine_St','Village','FL', '23456', 'Germany'),
(5,        'Emily',        'Davis','emily.davis@example.com','3456789012','345_cedar_St',
'Metro_City','IL','34567','USA'),
(6,        'Michael','Wilson','michael.wilson@example.com','6789012345',
'678_Maple_St','Suburbia', 'WA','45678', 'China'),
(7, 'Sarah', 'Taylo', 'sarah.taylor@example.com', '9012345678',
'901_Birch_St', 'Riverside','OR','56789', 'USA'),
(8,        'David',        'Martinez',        'david.martinez@example.com',        '2345678901',
'234_Walnut_St', 'Hilltown','MA','67890', 'USA'),
(9, 'Olivia', 'Anderson', 'olivia.anderson@example.com','5678901234',
'567_Cherry_St','Seaside','NC','78901', 'Australia'),
(10, 'Ethan', 'Thomas', 'ethan.thomas@example.com',        '8901234567',
'890_Cedar_St', 'Lakeview', 'MI','89012', 'USA'),
(11, 'Emma', 'Hernandez', 'emma.hernandez@example.com',        '1234567890',
'123_Oak_St', 'Hillside', 'CO','90123', 'Canada'),
(12, 'Liam', 'Moore', 'liam.moore@example.com',        '4567890123',
'456_Elm_St', 'Pineville', 'GA','23456', 'USA'),
(13, 'Ava', 'Parker',        'ava.parker@example.com',        '7890123456',
'789_Maple_St',        'Bayview',        'TN','34567',        'USA'),
(14,        'Noah', 'Gonzalez',        'noah.gonzalez@example.com',        '0123456789',
'12_Oak_St',        'OceanCity',        'LA','45678',        'UK'),
(15, 'Mia',        'White',        'mia.white@example.com',        '3456789012',
'345_Cedar_St',        'Riverdale', 'AL','56789',        'USA'),
(16,        'James',        'Smith',        'james.smith@example.com',        '6789012345',
'678_Pine_St', 'Beachside', 'SC','67890', 'Uk'),
(17, 'Sophia',        'Johnson',        'sophia.johnson@example.com',        '9012345678',
'901_Oak_St',        'Mountaintown',        'NV','78901', 'USA'),
(18,        'Benjamin',        'Brown',        'benjamin.brown@example.com',        '2345678901',
'234_Maple_St',        'Countryside',        'AZ','89012',        'Qater'),
(19,        'Charlotte',        'Taylor',        'charlotte.taylor@example.com',        '5678901234',
'567_Walnut_St',        'Hilltop',        'UT','90123',        'USA'),
(20,'Alexander',        'Martin',        'alexander.martin@example.com',        '8901234567',
'890_Elm_St',        'Lakeside',        'KY','12345',        'Qater')
Insert into Products ([ProductID],[ProductName],[Description],[Price],[CategoryID])
Values (1,        'Smartphone',        'High-end smartphone',        699,        1),
(2,        'Laptop',        'Thin and lightweight laptop',        999,        1),
(3,        'Tablet',        '10-inch tablet',        399,        1),
(4,        'Smartwatch',        'Fitness tracker smartwatch',        199,        2),
(5,        'Wireless Mouse',        'Ergonomic wireless mouse',        29,        3),
(6,        'Keyboard',        'Mechanical gaming keyboard',        99,        3),
(7,        'Headphones',        'Noise-canceling headphones',        149,        4),
(8,        'Portable Speaker',        'Waterproof Bluetooth speaker',        79,        4),
(9,        'Gaming Console',        'Latest gaming console',        499,        5),
(10,'VR Headset',        'Virtual reality headset',        299,        5),
(11, 'Camera        DSLR', 'camera',        799,        6),
(12, 'Printer',        'All-in-one inkjet printer',        199,        7),
(13, 'External Hard Drive',        '2TB portable hard drive',        79,        7),
(14,        'Fitness Tracker',        'Activity tracker',        49,        8),
(15,        'Smart Bulb',        'WiFi-enabled smart bulb',        19,        9),
(16,        'Robot Vacuum',        'Self-charging robot vacuum',        299,        10),
(17,        'Espresso Machine',        'Semi-automatic espresso machine',        299,        11),
(18,        'Blender',        'High-speed blender',        129,        12),
(19,        'Microwave',        'Countertop microwave',        149,        13),
(20,        'Toaster',        '4-Slice toaster',        49,        13
)
 
 
Insert into Category ([CategoryID],[CategoryName],[Description])
Values (1,        'Electronics',        'Electronic devices and gadgets'),
(2,        'Wearables',        'Wearable technology'),
(3,        'Computer Accessories',        'Accessories for computers'),
(4,        'Audio',        'Audio devices and accessories'),
(5,        'Gaming',        'Gaming consoles and accessories'),
(6,        'Cameras',        'Cameras and photography equipment'),
(7,        'Printers & Scanners',        'Printers and scanners'),
(8,        'Fitness',        'Fitness trackers and equipment'),
(9,        'Smart Home',        'Smart home devices and appliances'),
(10,        'Home Appliances',        'Household appliances'),
(11,        'Kitchen Appliances',        'Kitchen appliances'),
(12,        'Cooking',        'Cooking appliances and tools'),
(13,        'Kitchen',        'Kitchenware and accessories'),
(14,        'Home Improvement',        'Tools and home improvement'),
(15,        'Furniture',        'Home furniture'),
(16,        'Decor',        'Home decor and accents'),
(17,        'Clothing',        'Apparel and clothing'),
(18,        'Shoes','Footwear'),
(19,        'Accessories',        'Clothing accessories'),
(20,        'Bags & Luggage',        'Bags and luggage')
 
 
Insert into Products ([ProductID],[ProductName],[Description],[Price],[CategoryID])
Values (1,        'Smartphone',        'High-end smartphone',        699,        1),
(2,        'Laptop',        'Thin and lightweight laptop',        999,        1),
(3,        'Tablet',        '10-inch tablet',        399,        1),
(4,        'Smartwatch', 'Fitness tracker smartwatch',        199,        2),
(5,        'Wireless Mouse',        'Ergonomic wireless mouse',        29,        3),
(6,        'Keyboard',        'Mechanical gaming keyboard',        99,        3),
(7,        'Headphones',        'Noise-canceling headphones',        149,        4),
(8,        'Portable Speaker',        'Waterproof Bluetooth speaker',        79,        4),
(9,        'Gaming Console',        'Latest gaming console',        499,        5),
(10,'VR Headset',        'Virtual reality headset',        299,        5),
(11, 'Camera        DSLR', 'camera',        799,        6),
(12, 'Printer',        'All-in-one inkjet printer',        199,        7),
(13, 'External Hard Drive',        '2TB portable hard drive',        79,        7),
(14,        'Fitness Tracker',        'Activity tracker',        49,        8),
(15,        'Smart Bulb',        'WiFi-enabled smart bulb',        19,        9),
(16,        'Robot Vacuum',        'Self-charging robot vacuum',        299,        10),
(17,        'Espresso Machine',        'Semi-automatic espresso machine',        299,        11),
(18,        'Blender',        'High-speed blender',        129,        12),
(19,        'Microwave',        'Countertop microwave',        149,        13),
(20,        'Toaster',        '4-Slice toaster',        49,        13
)
 
Insert into SalesRepresentatives ([SalesRepID],[FirstName],[LastName],[Email],[Phone])
Values (1,        'John',        'Smith',        'john.smith@example.com',        '123-456-7890'),
(2,        'Emily',        'Johnson',        'emily.johnson@example.com',        '456-789-0123'),
(3,        'Michael',        'Williams',        'michael.williams@example.com',        '789-012-3456'),
(4,        'Sarah',        'Jones',        'sarah.jones@example.com',        '012-345-6789'),
(5,        'David',        'Brown',        'david.brown@example.com',        '234-567-8901'),
(6,        'Jessica',        'Davis',        'jessica.davis@example.com',        '567-890-1234'),
(7,        'Matthew',        'Miller',        'matthew.miller@example.com',        '890-123-4567'),
(8,        'Olivia',        'Wilson',        'olivia.wilson@example.com',        '234-567-8901'),
(9,        'Ethan',        'Moore',        'ethan.moore@example.com',        '678-901-2345'),
(10,        'Ava',        'Taylor',        'ava.taylor@example.com',        '901-234-5678'),
(11,        'James',        'Anderson',        'james.anderson@example.com',        '345-678-9012'),
(12,        'Emma',        'Thomas',        'emma.thomas@example.com',        '678-901-2345'),
(13,        'Benjamin',        'Jackson',        'benjamin.jackson@example.com',        '789-012-3456'),
(14,        'Mia',        'White',        'mia.white@example.com',        '012-345-6789'),
(15,        'Logan',        'Harris',        'logan.harris@example.com',        '123-456-7890'),
(16,        'Sophia',        'Martin',        'sophia.martin@example.com',        '456-789-0123'),
(17,        'William',        'Thompson',        'william.thompson@example.com',        '789-012-3456'),
(18,        'Charlotte',        'Garcia',        'charlotte.garcia@example.com',        '012-345-6789'),
(19,        'Daniel',        'Martinez',        'daniel.martinez@example.com',        '234-567-8901'),
(20,        'Amelia',        'Robinson',        'amelia.robinson@example.com',        '567-890-1234')
 
Insert into SaleOrders([OrderId],[OrderDate],[CustomersID],[SalesRepID],[TotalAmount])
Values (1,        '2023-01-01',1,        1,        500.00),
(2,        '2023-01-02',        2,        2,        750.00),
(3,        '2023-01-03',        3,        3,        1000.00),
(4,        '2023-01-04', 4,        4 ,        600.00),
(5,        '2023-01-05',        5,        5,        850.00),
(6,        '2023-01-06',        6,        6,        700.00),
(7,        '2023-01-07',        7,        7,        900.00),
(8,        '2023-01-08',        8,        8,        550.00),
(9,        '2023-01-09',        9,        9,        950.00),
(10,        '2023-01-10',        10,        10,        800.00),
(11,        '2023-01-11',        11,        11,        700.00),
(12,        '2023-01-12',        12,        12,        600.00),
(13,        '2023-01-13',        13,        13,        850.00),
(14,        '2023-01-14',        14,        14,        1000.00),
(15,        '2023-01-15',        15,        15,        500.00),
(16,        '2023-01-16',        16,        16,        750.00),
(17,        '2023-01-17',        17,        17,        600.00),
(18,        '2023-01-18',        18,        18,        900.00),
(19,        '2023-01-19',        19,        19,        550.00),
(20,        '2023-01-20',        20,        20,        950)
 
Insert Into Orderdetails ([OrderdetailID],[OrderID],[ProductID],[Quantity],[UnitPrice])
Values (1,        1,        1,        2,        399),
(2,        1,        2,        1,        999),
(3,        2,        3,        3,        199),
(4,        2,        4,        1,        149),
(5,        3,        5,        2,        49),
(6,        3,        6,        1,        99),
(7,        4,        7,        1,        149),
(8,        4,        8,        2,        79),
(9,        5,        9,        3,        499),
(10,        5,        10,        1,        299),
(11,        6,        11,        2,        799),
(12,        6,        12,        1,        199),
(13,        7,        13,        2,        79),
(14,        7,        14,        1,        49),
(15,        8,        15,        1,        19),
(16,        8,        16,        3,        299),
(17,        9,        17,        2,        299),
(18        ,9        ,18        ,1,        129)
